-- Brzuchania
INSERT INTO baltrad_data (node, station, absolute_path, file_name, date, time, datasets)
	VALUES ('baltrad.imgw.pl', 'brzuchania',
            'BaltradData/IMGW/Brzuchania/2007100214008408.h5', '2007100214008408.h5',
            '2007-10-02', '21:40:00', '1');
INSERT INTO baltrad_data (node, station, absolute_path, file_name, date, time, datasets)
	VALUES ('baltrad.imgw.pl', 'brzuchania',
            'BaltradData/IMGW/Brzuchania/2007100200002857.h5', '2007100200002857.h5',
            '2007-10-02', '00:00:00', '1');
INSERT INTO baltrad_data (node, station, absolute_path, file_name, date, time, datasets)
	VALUES ('baltrad.imgw.pl', 'brzuchania',
			'BaltradData/IMGW/Brzuchania/2008061615002914.h5', '2008061615002914.h5',
            '2008-06-16', '15:00:29', '1');
INSERT INTO baltrad_data (node, station, absolute_path, file_name, date, time, datasets)
	VALUES ('baltrad.imgw.pl', 'brzuchania',
            'BaltradData/IMGW/Brzuchania/2008061615002971.h5', '2008061615002971.h5',
            '2008-06-16', '15:00:00', '1');
        
-- Gdansk
INSERT INTO baltrad_data (node, station, absolute_path, file_name, date, time, datasets)
	VALUES ('baltrad.imgw.pl', 'gdansk',
            'BaltradData/IMGW/Gdansk/2008061615003322.h5', '2008061615003322.h5',
            '2008-06-16', '15:00:33', '1');
INSERT INTO baltrad_data (node, station, absolute_path, file_name, date, time, datasets)
	VALUES ('baltrad.imgw.pl', 'gdansk',
            'BaltradData/IMGW/Gdansk/2007100214001176.h5', '2007100214001176.h5',
            '2007-10-02', '14:00:00', '1');
INSERT INTO baltrad_data (node, station, absolute_path, file_name, date, time, datasets)
	VALUES ('baltrad.imgw.pl', 'gdansk',
            'BaltradData/IMGW/Gdansk/2008061615003387.h5', '2008061615003387.h5',
            '2008-06-16', '15:00:00', '1');

-- Legionowo
INSERT INTO baltrad_data (node, station, absolute_path, file_name, date, time, datasets)
	VALUES ('baltrad.imgw.pl', 'legionowo',
            'BaltradData/IMGW/Legionowo/2007100214006547.h5', '2007100214006547.h5',
            '2007-10-02', '14:00:00', '1');
INSERT INTO baltrad_data (node, station, absolute_path, file_name, date, time, datasets)
	VALUES ('baltrad.imgw.pl', 'legionowo',
            'BaltradData/IMGW/Legionowo/2007100201102822.h5', '2007100201102822.h5',
            '2007-10-02', '01:10:00', '1');
INSERT INTO baltrad_data (node, station, absolute_path, file_name, date, time, datasets)
	VALUES ('baltrad.imgw.pl', 'legionowo',
            'BaltradData/IMGW/Legionowo/2008061615002517.h5', '2008061615002517.h5',
            '2008-06-16', '15:00:00', '1');
INSERT INTO baltrad_data (node, station, absolute_path, file_name, date, time, datasets)
	VALUES ('baltrad.imgw.pl', 'legionowo',
            'BaltradData/IMGW/Legionowo/2008061615002584.h5', '2008061615002584.h5',
            '2008-06-16', '15:00:00', '1');

-- Poznan
INSERT INTO baltrad_data (node, station, absolute_path, file_name, date, time, datasets)
	VALUES ('baltrad.imgw.pl', 'poznan',
            'BaltradData/IMGW/Poznan/2007100214006032.h5', '2007100214006032.h5',
            '2007-10-02', '14:00:00', '1');
INSERT INTO baltrad_data (node, station, absolute_path, file_name, date, time, datasets)
	VALUES ('baltrad.imgw.pl', 'poznan',
            'BaltradData/IMGW/Poznan/2008061615003243.h5', '2008061615003243.h5',
            '2008-06-16', '15:00:00', '1');

-- Pastewnik
INSERT INTO baltrad_data (node, station, absolute_path, file_name, date, time, datasets)
	VALUES ('baltrad.imgw.pl', 'pastewnik',
            'BaltradData/IMGW/Pastewnik/2008061615002736.h5', '2008061615002736.h5',
            '2008-06-16', '15:00:00', '1');
INSERT INTO baltrad_data (node, station, absolute_path, file_name, date, time, datasets)
	VALUES ('baltrad.imgw.pl', 'pastewnik',
            'BaltradData/IMGW/Pastewnik/2008061615002764.h5', '2008061615002764.h5',
            '2008-06-16', '15:00:00', '1');

-- Ramza
INSERT INTO baltrad_data (node, station, absolute_path, file_name, date, time, datasets)
	VALUES ('baltrad.imgw.pl', 'ramza',
            'BaltradData/IMGW/Ramza/2007100214006843.h5', '2007100214006843.h5',
            '2007-10-02', '14:00:00', '1');
INSERT INTO baltrad_data (node, station, absolute_path, file_name, date, time, datasets)
	VALUES ('baltrad.imgw.pl', 'ramza',
            'BaltradData/IMGW/Ramza/2008061615002508.h5', '2008061615002508.h5',
            '2008-06-16', '15:00:00', '1');
INSERT INTO baltrad_data (node, station, absolute_path, file_name, date, time, datasets)
	VALUES ('baltrad.imgw.pl', 'ramza',
            'BaltradData/IMGW/Ramza/2008061615002522.h5', '2008061615002522.h5',
            '2008-06-16', '15:00:00', '1');

-- Rzeszow
INSERT INTO baltrad_data (node, station, absolute_path, file_name, date, time, datasets)
	VALUES ('baltrad.imgw.pl', 'rzeszow',
            'BaltradData/IMGW/Rzeszow/2007100214008656.h5', '2007100214008656.h5',
            '2007-10-02', '14:00:00', '1');
INSERT INTO baltrad_data (node, station, absolute_path, file_name, date, time, datasets)
	VALUES ('baltrad.imgw.pl', 'rzeszow',
            'BaltradData/IMGW/Rzeszow/2008061615002645.h5','2008061615002645.h5',
            '2008-06-16', '15:00:00', '1');
INSERT INTO baltrad_data (node, station, absolute_path, file_name, date, time, datasets)
	VALUES ('baltrad.imgw.pl', 'rzeszow',
            'BaltradData/IMGW/Rzeszow/2008061615002676.h5', '2008061615002676.h5',
            '2008-06-16', '15:00:00', '1');

-- Swidwin
INSERT INTO baltrad_data (node, station, absolute_path, file_name, date, time, datasets)
	VALUES ('baltrad.imgw.pl', 'swidwin',
            'BaltradData/IMGW/Swidwin/2007100214008261.h5', '2007100214008261.h5',
            '2007-10-02', '14:00:00', '1');
INSERT INTO baltrad_data (node, station, absolute_path, file_name, date, time, datasets)
	VALUES ('baltrad.imgw.pl', 'swidwin',
            'BaltradData/IMGW/Swidwin/2008061615002401.h5', '2008061615002401.h5',
            '2008-06-16', '15:00:00', '1');
INSERT INTO baltrad_data (node, station, absolute_path, file_name, date, time, datasets)
	VALUES ('baltrad.imgw.pl', 'swidwin',
            'BaltradData/IMGW/Swidwin/2008061615002411.h5', '2008061615002411.h5',
            '2008-06-16', '15:00:00', '1');
            
-- Arlanda
INSERT INTO baltrad_data (node, station, absolute_path, file_name, date, time, datasets)
	VALUES ('baltrad.smhi.se', 'arlanda', 
            'BaltradData/SMHI/Arlanda/2007111212000032.h5', '2007111212000032.h5',
            '2007-11-12', '12:00:00', '1');

-- baltrad_data_channels

INSERT INTO baltrad_data_channels (name, wmo_number)
	VALUES ('legionowo', '12374');
INSERT INTO baltrad_data_channels (name, wmo_number)
	VALUES ('swidwin', '12220');
INSERT INTO baltrad_data_channels (name, wmo_number)
	VALUES ('brzuchania', '12568');
INSERT INTO baltrad_data_channels (name, wmo_number)
	VALUES ('pastewnik', '12544');
INSERT INTO baltrad_data_channels (name, wmo_number)
	VALUES ('rzeszow', '12579');
INSERT INTO baltrad_data_channels (name, wmo_number)
	VALUES ('ramza', '12514');
INSERT INTO baltrad_data_channels (name, wmo_number)
	VALUES ('poznan', '12331');
INSERT INTO baltrad_data_channels (name, wmo_number)
	VALUES ('gdansk', '12151');
INSERT INTO baltrad_data_channels (name, wmo_number)
	VALUES ('arlanda', '2451');

-- baltrad_users
INSERT INTO baltrad_users (user_name, password, role, factory, country, city, zip_code,
                     	   street, number, phone, email, node_address, local_directory)
 	VALUES ('operator', MD5('raDar170'), 'operator',
 			'Institute of Meteorology and Water Management', 'Poland', 'Warsaw',
 			'01-673', 'Podlesna', '61', '+48 22 569 44 91',
 			'nobody@localhost', 'baltrad.imgw.pl', 'incoming');
INSERT INTO baltrad_users (user_name, password, role, factory, country, city, zip_code,
                     	   street, number, phone, email, node_address, local_directory)
 	VALUES ('admin', MD5('raDar170'), 'administrator',
 			'Institute of Meteorology and Water Management', 'Poland', 'Warsaw',
 			'01-673', 'Podlesna', '61', '+48 22 569 44 91',
			'nobody@localhost', 
			'http://localhost:8080/BaltradDex/receiver.htm', 'incoming');

--INSERT INTO baltrad_users (user_name, password, role, factory, country, city, zip_code,
--                     	   street, number, phone, email, node_address, local_directory)
-- 	VALUES ('imgw', MD5('baltrad'), 'operator',
-- 			'Institute of Meteorology and Water Management', 'Poland', 'Warsaw',
-- 			'01-673', 'Podlesna', '61', '+48 22 569 44 91',
-- 			'baltrad.admin@imgw.pl', 'baltrad.imgw.pl', 'incoming');
--INSERT INTO baltrad_users (user_name, password, role, factory, country, city, zip_code,
--                     	   street, number, phone, email, node_address, local_directory)
-- 	VALUES ('admin', MD5('admin'), 'administrator',
-- 			'Institute of Meteorology and Water Management', 'Poland', 'Warsaw',
-- 			'01-673', 'Podlesna', '61', '+48 22 569 44 91',
--			'baltrad.admin@imgw.pl', 
--			'http://localhost:8080/BaltradDex/receiver.htm', 'incoming');
--INSERT INTO baltrad_users (user_name, password, role, factory, country, city, zip_code,
--                    	   street, number, phone, email, node_address, local_directory)
--	VALUES ('laptok', MD5('baltrad'), 'user',
--			'Institute of Meteorology and Water Management', 'Poland', 'Warsaw',
--			'01-673', 'Podlesna', '61', '+48 22 569 44 91',
--			'baltrad.admin@imgw.pl',
--			'http://172.30.9.171:8080/BaltradDex/receiver.htm', 'incoming');
--INSERT INTO baltrad_users (user_name, password, role, factory, country, city, zip_code,
--						   street, number, phone, email, node_address, local_directory)
--	VALUES ('rand', MD5('randomize'), 'user',
--    		'Institute of Meteorology and Water Management', 'Poland', 'Warsaw',
--			'01-673', 'Podlesna', '61', '+48 22 569 44 91',
--			'baltrad.admin@imgw.pl',
--			'http://172.30.9.34:8080/BaltradDex/receiver.htm', 'incoming');
